,initial_seq,initial_activity,final_seq,activity
0,HYRMIHWMMEIDCNGCANNTLSRRWNYDFWHKHVEQVKCY,3.3372557,DWYEFEWMGEFDVNGVCNPWLEPEWPWDFWIDPVDWWPFP,5.946702003479004
1,VPCKCKAMDYEVGDMRFYLNRTLGVPDLQGDSHYQKRDCC,2.1789958,SPQIWDAMDYPWEPWDFFDPWDFGVPDGIWDPVFPDFDFW,6.027349948883057
2,DQIEYMMMCTKCRSEIKFSPHYTDFWNHKGTSDELFLNLP,1.7953409,DWWEFWDMYGTCEPPIDFNPFIDPFFPSEVDWDWFTDWLF,5.895829677581787
3,QDNICEQSWCNQGPEVNYWIHSWGYMFSHFMRDFFKRDGT,1.4274279,WDEFGFWDWPDPGTEVNPFGLDLDDPWDFFFEDLFWNPWW,6.191638469696045
4,GENMPFGAGVKRIWSGGDLAQENGMNLVHHMEYAPVKKKL,2.8567085,LWDWDFWEDDFLNWSDPLGFSGPYFPDWEFFEDPLDFWGW,6.005553722381592
5,YEASITIHINSNWLHNYFSKHYQMHLKESLWTKPACPKHS,2.0441675,YDYDFWNWIPPDIDCNPFFEHLPFWDPFDFWDWPMWPDWW,5.735591411590576
6,CTICGFSIWSPYHSSNQVVSYSPKKPEKRQWNGDYSYTSG,2.2630222,SWWEPFDFFDEWGPWEPVGPILPFEPPWFQFDDDLWFWPW,5.9022955894470215
7,RQAKHMCCGWYQDHHEFTEPSSCVAVIMRSTTNLYGIPCW,2.2611532,WDNYLFDWDWWLDDLFFPPPLSGPAEEYFPYEDLLEPPWW,5.977408409118652
8,LVLGGYRESIHWTPRCLPVMPWFDWPFNQGKTIPFTDGQR,1.5744184,EFWDWWDEAPVMTPDQFVGEPWLDWDFFVEPLWPFDPGQW,6.168673038482666
9,VTKPSLLENIRWRIIWKTINREGSFPRTYFWHDPQSPCQY,1.2623887,LDLDSFLMEDLFYYNGPGGEDGYMMPFDFFWDEPFWPGFP,5.528743267059326
10,LVGHTNTVQMCAMCSDYAYIWAFAMKFCPVNQFLYCENME,2.2675526,LWDFYNEVGTNGICGDYDWNWDFLDPWDFWWDFLWPEPWF,6.062058925628662
11,ACVEPAECESEKTYCDRHENATEEKLWWRTHDFSHSKADI,1.9815747,SCFNPIEPELWEQYFDFMDPGTPEGFYWDDWDFFVEPPWW,5.789514064788818
12,GWMERCRTCHSFSWCRECLFVEAVYGYYQLVKNLWGQIQM,2.521521,PNWDDFWDFWDFFWCDECPFPNPYNPFMPEFDPFEGPFWW,5.543430805206299
13,NWVPMAGCPPWKWAIQSEVQKRDEVQRILNKITKPQFKSW,2.6974628,NEDFFDPFDPWDWFWEDLWWWPDPPQPVLEPGYFPDFFDW,6.519471168518066
14,NEQDTPINNNCLKAEQSVCGDYWPTQMSMVCIQCPLIHPW,2.3203888,IEQDFFFNDDPFLDWDFFVDDVFGNPFGGFEPDFPFLEPW,6.037460803985596
15,YVGRTKNFQITKDHNDKQVMEIVPELINWNCIPADCYIDR,2.8166125,YDEFFDDFQWPYNVPDNQWGPDWPPFEDWDFFWEPLFWDG,6.160546779632568
16,WTWEHGQWYMHDYTMRHRTMNPMMKMECEQFTNGNRWLCN,1.8943337,DFWDPWEWFWEDYFWNDPGPENPWKMSLDPFVIDPDFLYW,6.0368733406066895
17,PWCFFGSCFRAWDWRDIRAGTSPADGYDRRMGGKQMGVYR,2.4234915,QWLEEWSWWDWWDWWDPGVPYNPWDPVDPWFELDPMLFPW,5.816631317138672
18,TQQAADRFFEQYHRMQGLHLQFAWIWTWSEIEPHAKEQKD,1.8251257,LMGEPDLPFNPYFEFDPLDWPWDWWWEWDFWEPFVPEPFY,5.327948093414307
19,PCHAGSIPVQVERFQSRMCVERNDESGCKNNQTKNLMCSA,2.922882,FVEWPPWEFFEDSFWDWIPPEAVDQQGLEWNDLFDWEDLW,5.56251335144043
20,LGSLRYLMCLNMREFAALEPQWFMIAFVPFHNCPQGSLMA,2.6071033,FYYEDILPFVGEEGFAGEYLDWTDDPWWPWDWWIDELWWW,6.370413303375244
21,SSEKPYIMKVYDVWKVSQWRENHMHYDECYRYNTVIIFKY,3.2676392,FGLEPSEFWDYDWFVDDLWWENGFGGDNPFFQDDVLPFPW,5.927927017211914
22,HRDNCWHMWIPKCVRMRVQWPSCCTYVLNDGYFIVSQGMG,2.7492352,WYWPDWDFWWDPIVPFPPLEPSEQGFFIDDPYFLNLGPWF,5.786071300506592
23,ILVAHHPSNWGHTWFDVTMKTWPGEVNEFNVTLGTICNDY,2.4604764,QQFQFDDEFWDPDWFQWDPWDWFGEPGEFNEWLDVGEPWF,5.972232341766357
24,MCGVQNKPYAIKTPEGPTWITTRACYLSEISHFIDDVEER,2.0131245,FWEFDEFMYPGPVGEGCPFWDPWDPWLEEIPWWIDPDPWW,5.883963108062744
25,DAHFTTRDDCIPGFPAVHTIWSQYLCSPFVYMFPAGMLAS,2.587992,DDWFMFLDDDFLGFPGETDPWQQSLDFPFDFFWEPDFFPW,5.535597324371338
26,AFHMLCQFSCLVFTMFGSFSTKCWTFCMAKGMIPNKRFRC,2.2715425,YFDFWCQDDVLNEVGPFGEIGDWWEFDVPWDWWVDDLFWF,6.191766262054443
27,GMQHHWLKVTPEHISNAGAINSAEWVIGPYDRGGFWLKQF,1.9328817,DWSEFFWFDQPPPMTEVGEFNPFDFGWEPWDFFDDWLWWF,6.215322971343994
28,WRPTIQKDKNRTKIGKRVMQPPPSNVNFTAPLDGSAWIKY,2.4216645,WPDFAQWDEWDWFGEGPWFQPIDEGFPFPDPLDWEWFFWW,5.832420349121094
29,VAEFCNMSEHPQMIAIWTKPRPINMYPSCGSVTRHQHGNC,3.0373297,WGEFDPFYDDWDWFWEWDWPFPLTPDTSCGPFEGEGFFWV,5.740319728851318
30,FFQFGSRGYSWYPWPIGTFIVWNNPELSFNSRCSMKCVPP,1.6691002,FDVFGEFSEPWWDWDWFNDWLWGNPDLEFNPVEELGLFPF,5.90377950668335
31,SWHTFPVVWVYYTETWIYAHIFKHEICFDFAHLSATESKI,2.303444,DWDLFPDWWEWFDPPVWDGTFQPDEPIFPFDTIYPSEFFW,5.420975685119629
32,GSRCPFSALSPCEAMKGAIIEEAIVYWMYLGHCVVTPRMH,2.8517423,FDWPDFMMFSEPSGPFDPIFDPWDFWNDYLFFPVPPPVWP,6.140180587768555
33,WKERHFWRGYRTWDVLRVRWYFMKFMHCYYWVSADKTISN,2.5161166,WFESDFFAGSDTWDVPCNPWDPWDFFWDPYWWEVPDPLYW,5.973857402801514
